{
  "Algeria": [
    2.8403568740157494,
    30.65574158267717
  ],
  "Angola": [
    17.657693574257426,
    -11.584004742574255
  ],
  "Benin": [
    2.4291166756756755,
    9.680237351351355
  ],
  "Botswana": [
    24.65385360273973,
    -22.729155821917807
  ],
  "Burkina Faso": [
    -1.89023015942029,
    12.174459231884056
  ],
  "Burundi": [
    29.814902260869566,
    -3.1193481304347825
  ],
  "Cameroon": [
    13.135045171428574,
    6.7620153523809545
  ],
  "Cape Verde": [
    -25.171067,
    17.078858
  ],
  "Central African Republic": [
    20.860858834862384,
    6.216795110091743
  ],
  "Chad": [
    18.42752504301075,
    13.16446416129032
  ],
  "Comoros": [
    43.323802,
    -11.628438
  ],
  "Congo": [
    14.621956579999999,
    -1.1664223400000007
  ],
  "Djibouti": [
    42.652333789473666,
    11.792322210526317
  ],
  "Egypt": [
    31.4451089512195,
    28.555304463414636
  ],
  "Equatorial Guinea": [
    10.14568325,
    1.676741125
  ],
  "Eritrea": [
    39.756893067796604,
    14.701232813559322
  ],
  "Ethiopia": [
    38.487474089108915,
    9.395477900990098
  ],
  "Gabon": [
    12.043481309859159,
    -0.892566225352113
  ],
  "Gambia": [
    -15.210819842105261,
    13.45261631578947
  ],
  "Ghana": [
    -1.0851584150943399,
    7.8243914339622656
  ],
  "Guinea": [
    -10.99974218390804,
    10.147620988505743
  ],
  "Guinea-Bissau": [
    -15.00813243478261,
    11.907126000000003
  ],
  "Ivory Coast": [
    -5.7691004520547935,
    7.926812945205479
  ],
  "Kenya": [
    37.39942232727272,
    0.8485641636363634
  ],
  "Lesotho": [
    28.276708117647058,
    -29.61184664705882
  ],
  "Liberia": [
    -9.148463621621621,
    6.60338791891892
  ],
  "Libya": [
    16.44893992222222,
    29.17986723333332
  ],
  "Madagascar": [
    47.09495696969699,
    -17.85674417171717
  ],
  "Malawi": [
    34.205272765625,
    -12.950210406250001
  ],
  "Mali": [
    -4.957750975609757,
    14.556838357723569
  ],
  "Mauritania": [
    -12.508207741935486,
    18.711697435483874
  ],
  "Mauritius": [
    57.59377833333334,
    -20.273700166666668
  ],
  "Morocco": [
    -5.552688271428568,
    32.27019149999999
  ],
  "Mozambique": [
    35.17610405844155,
    -17.382017954545457
  ],
  "Namibia": [
    17.425966170454554,
    -21.987979238636367
  ],
  "Niger": [
    7.397473770114942,
    15.363067988505748
  ],
  "Nigeria": [
    8.392723116504856,
    9.57115631067961
  ],
  "La Reunion": [
    55.58310342857143,
    -21.139425857142857
  ],
  "Rwanda": [
    29.85848007692308,
    -2.0978267692307693
  ],
  "Sao Tome and Principe": [
    6.593161,
    0.22810550000000002
  ],
  "Senegal": [
    -14.51973715,
    14.072841183333335
  ],
  "Seychelles": [
    55.46113499999999,
    -4.657065
  ],
  "Sierra Leone": [
    -11.705337750000002,
    8.60284640625
  ],
  "Somalia": [
    46.310803444444424,
    7.6502273333333335
  ],
  "South Africa": [
    24.448773551470595,
    -28.479669411764707
  ],
  "Sudan": [
    27.094018940928272,
    13.779830160337552
  ],
  "South Sudan": [
    31.33945608074533,
    6.886694086956521
  ],
  "Swaziland": [
    31.53570676923077,
    -26.496594615384616
  ],
  "Tanzania": [
    34.62138767777777,
    -7.184779466666666
  ],
  "Togo": [
    0.8007310294117647,
    8.66079973529412
  ],
  "Tunisia": [
    9.732759249999999,
    34.44841008333333
  ],
  "Uganda": [
    32.31977098148148,
    1.7309971111111115
  ],
  "Western Sahara": [
    -14.210281187500001,
    24.132759062500003
  ],
  "DR Congo": [
    23.761934869767458,
    -3.8332009627907007
  ],
  "Zambia": [
    28.72362613274337,
    -12.859644654867253
  ],
  "Zimbabwe": [
    29.817299797101448,
    -18.817063913043487
  ]
}